Timestamp,PM2.5 (µg/m³),PM10 (µg/m³),NO (µg/m³),NO2 (µg/m³),NOx (ppb),NH3 (µg/m³),SO2 (µg/m³),CO (mg/m³),Ozone (µg/m³),Benzene (µg/m³),Toluene (µg/m³),Xylene (µg/m³),O Xylene (µg/m³),Eth-Benzene (µg/m³),MP-Xylene (µg/m³),AT (°C),RH (%),WS (m/s),WD (deg),RF (mm),TOT-RF (mm),SR (W/mt2),BP (mmHg),VWS (m/s)
2024-01-01,27.87,73.6,5.44,11.6,10.59,0.43,18.31,0.63,6.75,,,,,,,24.15,80.3,0.79,123.24,,0.0,0.0,980.36,
2024-01-02,33.15,89.12,7.54,17.09,15.21,1.02,18.32,0.86,6.74,,,,,,,25.88,72.1,0.85,110.82,,0.0,0.0,978.87,
2024-01-03,24.06,85.2,8.96,16.67,16.14,1.54,17.23,0.96,6.8,,,,,,,23.74,82.47,0.93,141.4,,0.0,0.0,978.83,
2024-01-04,,65.74,6.44,12.33,11.8,0.45,15.1,0.83,6.67,,,,,,,25.63,78.58,0.86,112.72,,0.0,0.0,978.46,
2024-01-05,31.4,64.91,6.35,14.52,12.88,0.81,15.42,0.77,6.75,,,,,,,24.79,84.96,0.51,127.88,,0.0,0.0,978.64,
2024-01-06,26.39,80.49,6.76,15.66,13.81,1.45,15.44,0.73,6.75,,,,,,,27.0,73.87,0.83,116.22,,0.0,0.0,978.18,
2024-01-07,16.41,58.55,6.87,13.82,12.93,1.77,15.44,0.74,6.73,,,,,,,26.76,74.79,0.85,118.87,,0.0,0.0,978.16,
2024-01-08,13.0,42.75,6.19,12.67,11.77,0.17,15.43,0.65,6.74,,,,,,,24.79,84.37,0.62,118.49,,0.0,0.0,979.43,
2024-01-09,20.77,49.99,15.8,15.25,20.91,0.69,15.38,1.15,6.69,,,,,,,23.13,95.03,0.37,159.54,,0.0,0.0,979.15,
2024-01-10,33.27,75.57,14.35,18.33,21.4,1.18,15.45,1.28,6.7,,,,,,,24.57,83.25,0.57,140.01,,0.0,0.0,979.53,
2024-01-11,28.52,111.34,13.3,20.14,21.52,0.31,15.08,0.98,6.69,,,,,,,25.44,73.87,0.8,135.37,,0.0,0.0,980.06,
2024-01-12,27.63,108.82,11.31,21.66,20.71,1.19,15.22,1.02,6.66,,,,,,,25.53,69.74,0.96,125.64,,0.0,0.0,979.38,
2024-01-13,40.02,144.25,17.27,23.57,26.58,0.98,15.38,1.39,6.73,,,,,,,24.84,74.06,0.6,142.41,,0.0,0.0,980.41,
2024-01-14,42.23,125.94,6.5,17.69,14.69,0.51,15.44,0.91,6.76,,,,,,,26.38,71.34,0.98,125.17,,0.0,0.0,979.33,
2024-01-15,40.55,105.34,3.9,14.1,10.67,0.73,15.42,0.71,6.75,,,,,,,26.47,65.61,0.88,133.63,,0.0,0.0,979.19,
2024-01-16,35.18,92.41,4.12,13.68,10.63,0.7,15.39,0.7,6.7,,,,,,,25.6,70.7,0.81,116.89,,0.0,0.0,978.28,
2024-01-17,25.0,70.73,5.35,14.24,11.92,1.14,15.49,0.72,6.7,,,,,,,26.07,63.68,0.82,103.92,,0.0,0.0,977.69,
2024-01-18,16.92,54.82,5.73,12.52,11.32,1.05,15.42,0.64,6.71,,,,,,,26.41,67.88,0.8,95.38,,0.0,0.0,978.25,
2024-01-19,14.04,47.0,5.44,8.52,8.95,0.49,15.38,0.51,6.71,,,,,,,26.72,73.49,0.97,130.89,,0.0,0.0,977.93,
2024-01-20,22.93,82.15,12.29,20.44,20.86,0.6,15.21,0.95,6.71,,,,,,,26.75,69.93,0.91,130.17,,0.0,0.0,979.74,
2024-01-21,,74.3,6.85,18.04,15.17,0.53,15.32,0.84,6.71,,,,,,,27.54,63.17,0.9,123.43,,0.0,0.0,979.58,
2024-01-22,28.83,65.33,7.69,16.76,15.17,0.78,15.3,0.8,6.71,,,,,,,27.13,64.39,0.9,106.19,,0.0,0.0,980.5,
2024-01-23,21.16,66.25,9.23,16.23,16.13,0.86,15.14,0.82,6.73,,,,,,,26.61,65.12,0.94,130.4,,0.0,0.0,980.39,
2024-01-24,20.19,67.31,7.0,17.46,14.97,1.15,15.29,0.77,6.74,,,,,,,26.99,64.24,0.8,105.66,,0.0,0.0,979.78,
2024-01-25,19.7,69.61,7.51,17.66,15.51,0.85,15.21,0.83,6.74,,,,,,,26.05,65.89,0.89,110.06,,0.0,0.0,980.75,
2024-01-26,21.2,68.2,8.4,17.22,15.99,0.67,15.24,0.93,6.75,,,,,,,26.93,60.25,1.03,108.6,,0.0,0.0,981.95,
2024-01-27,20.21,54.85,7.82,14.12,13.87,0.59,15.16,0.8,6.71,,,,,,,26.08,66.94,0.99,115.02,,0.0,0.0,981.72,
2024-01-28,17.16,52.45,4.85,10.57,9.56,0.92,15.19,0.61,6.64,,,,,,,24.93,73.93,1.0,147.87,,0.0,0.0,982.05,
2024-01-29,26.36,88.3,11.4,20.4,20.11,1.17,15.25,0.95,6.66,,,,,,,26.61,65.95,1.04,120.05,,0.0,0.0,981.03,
2024-01-30,30.27,102.51,14.57,26.31,25.84,1.51,15.31,1.16,6.76,,,,,,,26.92,62.84,0.81,125.71,,0.0,0.0,980.26,
2024-01-31,35.68,114.4,11.91,26.02,23.52,1.27,15.36,1.17,6.69,,,,,,,28.83,63.33,0.8,136.65,,0.0,0.0,980.15,
2024-02-01,29.19,92.81,9.58,21.26,19.1,0.95,15.32,1.07,6.7,,,,,,,28.68,65.65,0.75,126.8,,0.0,0.0,980.14,
2024-02-02,16.08,59.9,8.02,15.16,14.58,1.22,15.28,0.88,6.67,,,,,,,28.74,69.09,0.99,120.5,,0.0,0.0,979.82,
2024-02-03,15.55,58.8,6.09,14.13,12.46,1.07,15.18,0.75,6.7,,,,,,,28.45,65.99,1.13,103.73,,0.0,0.0,980.22,
2024-02-04,19.64,51.32,5.61,15.09,12.59,0.49,15.33,0.79,6.79,,,,,,,27.96,60.89,1.11,113.17,,0.0,0.0,981.86,
2024-02-05,18.73,93.62,8.89,16.56,16.01,0.93,15.31,0.81,6.73,,,,,,,27.17,62.39,1.1,117.01,,0.0,0.0,982.12,
2024-02-06,28.42,88.76,5.47,18.92,14.51,0.6,15.28,0.83,6.72,,,,,,,30.01,49.36,1.22,102.61,,0.0,0.0,980.9,
2024-02-07,25.79,76.97,12.12,14.04,17.31,1.19,15.28,0.79,6.67,,,,,,,22.9,80.32,0.66,139.02,,0.0,0.0,981.52,
2024-02-08,26.41,117.51,14.65,35.93,31.03,1.68,13.2,1.66,6.76,,,,,,,32.42,36.96,1.4,121.25,,0.0,0.0,978.48,
2024-02-09,21.7,91.45,8.26,22.0,18.39,1.18,14.42,0.95,6.67,,,,,,,31.94,43.19,1.54,103.87,,0.0,0.0,979.58,
2024-02-10,27.51,95.74,5.24,14.14,11.78,0.53,14.26,0.74,6.73,,,,,,,27.37,65.38,1.12,106.06,,0.0,0.0,982.17,
2024-02-11,25.77,108.51,6.31,15.39,13.31,0.61,14.06,0.83,6.71,,,,,,,26.75,64.74,0.97,142.52,,0.0,0.0,982.09,
2024-02-12,24.31,150.85,7.84,17.21,15.52,1.37,14.22,0.85,6.65,,,,,,,26.79,62.47,1.18,111.3,,0.0,0.0,981.88,
2024-02-13,15.54,115.47,5.76,13.09,11.63,0.74,14.34,0.69,6.7,,,,,,,27.6,63.54,1.09,102.22,,0.0,0.0,981.01,
2024-02-14,24.74,200.25,10.44,21.68,20.01,0.87,14.27,1.08,6.71,,,,,,,29.85,53.75,1.32,106.13,,0.0,0.0,980.15,
2024-02-15,21.81,154.31,8.55,17.64,16.28,1.0,13.94,0.91,6.7,,,,,,,27.19,62.5,1.12,115.09,,0.0,0.0,980.58,
2024-02-16,19.92,118.82,5.02,13.84,11.44,1.29,14.22,0.73,6.78,,,,,,,27.84,60.6,1.23,115.56,,0.0,0.0,979.87,
2024-02-17,19.36,149.93,7.39,16.08,14.56,1.29,14.32,0.89,6.76,,,,,,,28.49,56.57,1.14,117.76,,0.0,0.0,979.18,
2024-02-18,18.25,146.0,6.37,14.17,12.72,1.01,14.22,0.87,6.73,,,,,,,30.69,48.67,1.39,102.74,,0.0,0.0,978.46,
2024-02-19,17.53,123.26,5.24,12.37,10.84,0.97,14.21,0.76,6.73,,,,,,,28.46,61.19,1.26,103.48,,0.0,0.0,978.9,
2024-02-20,18.27,132.52,5.37,13.52,11.56,0.79,14.31,0.8,6.68,,,,,,,28.82,59.53,1.27,99.68,,0.0,0.0,978.92,
2024-02-21,22.32,138.82,5.53,15.26,12.61,0.91,14.33,0.86,6.67,,,,,,,29.56,60.09,0.81,123.69,,0.0,0.0,977.72,
2024-02-22,16.98,106.95,4.92,12.97,10.9,0.55,14.2,0.69,6.78,,,,,,,29.76,64.05,0.71,211.88,,0.0,0.0,977.87,
2024-02-23,17.76,137.22,6.51,15.99,13.7,0.81,14.13,0.82,6.71,,,,,,,29.21,62.79,0.65,185.92,,0.0,0.0,977.47,
2024-02-24,19.43,172.49,6.66,15.6,13.7,0.97,14.27,0.81,6.68,,,,,,,30.37,59.97,1.07,161.96,,0.0,0.0,977.0,
2024-02-25,14.62,108.72,3.62,8.8,7.62,0.04,14.25,0.64,6.66,,,,,,,28.29,64.7,1.37,100.84,,0.0,0.0,976.93,
2024-02-26,14.36,112.52,5.19,9.62,9.33,0.43,14.29,0.63,6.74,,,,,,,28.51,61.92,1.37,100.79,,0.0,0.0,978.0,
2024-02-27,17.21,151.37,6.03,11.42,10.98,0.32,14.32,0.7,6.71,,,,,,,28.67,63.1,1.3,102.42,,0.0,0.0,978.58,
2024-02-28,18.26,227.0,9.66,15.28,15.98,1.0,14.3,0.87,6.62,,,,,,,29.32,57.44,1.34,118.35,,0.0,0.0,977.73,
2024-02-29,18.73,177.88,8.25,16.72,15.61,1.18,14.31,0.97,6.72,,,,,,,30.86,50.13,1.35,108.37,,0.0,0.0,978.21,
2024-03-01,25.09,241.05,9.26,26.84,21.8,0.82,14.83,1.2,6.68,,,,,,,31.53,42.16,1.47,110.02,,0.0,0.0,978.56,
2024-03-02,21.25,112.59,3.94,11.13,9.13,0.49,14.19,0.84,6.69,,,,,,,27.47,61.68,0.84,100.12,,0.0,0.0,980.2,
2024-03-03,33.85,277.84,14.26,31.34,28.26,0.87,14.29,1.83,6.66,,,,,,,30.52,44.17,0.77,112.05,,0.0,0.0,977.05,
2024-03-04,26.03,172.53,5.3,17.26,13.49,0.49,13.92,0.99,6.69,,,,,,,29.57,54.63,0.84,120.95,,0.0,0.0,977.74,
2024-03-05,23.69,196.65,7.78,20.33,17.14,0.82,14.27,1.07,6.67,,,,,,,30.23,52.24,1.04,117.5,,0.0,0.0,977.87,
2024-03-06,18.9,168.95,6.71,17.03,14.51,0.86,14.33,0.8,6.72,,,,,,,30.0,58.43,0.88,134.09,,0.0,0.0,978.1,
2024-03-07,21.64,181.08,9.25,20.64,18.5,1.11,14.33,1.04,6.71,,,,,,,30.42,52.62,0.92,114.22,,0.0,0.0,977.11,
2024-03-08,23.5,179.07,7.21,18.89,15.91,0.64,14.35,1.0,6.7,,,,,,,30.82,50.25,0.87,137.51,,0.0,0.0,977.57,
2024-03-09,21.19,150.12,5.13,14.31,11.78,0.7,14.29,0.79,6.71,,,,,,,30.99,59.35,0.85,148.66,,0.0,0.0,977.44,
2024-03-10,17.7,120.73,3.28,10.99,8.51,0.17,14.36,0.63,6.75,,,,,,,32.14,51.23,1.13,106.79,,0.0,0.0,978.65,
2024-03-11,28.47,186.77,5.54,15.99,13.01,0.88,14.13,0.86,6.7,,,,,,,32.73,44.81,1.26,101.3,,0.0,0.0,980.38,
2024-03-12,21.56,158.89,5.42,14.75,12.25,0.97,14.19,0.82,6.75,,,,,,,30.1,55.25,1.09,102.02,,0.0,0.0,980.24,
2024-03-13,27.7,164.94,6.19,18.19,14.7,1.01,14.29,1.01,6.69,,,,,,,31.07,54.26,0.85,142.41,,0.0,0.0,978.65,
2024-03-14,21.25,138.1,4.6,13.12,10.71,0.78,15.0,0.78,6.69,,,,,,,31.67,59.8,0.81,197.38,,0.0,0.0,977.24,
2024-03-15,26.89,157.66,6.05,15.65,13.25,0.99,16.07,0.89,6.72,,,,,,,31.62,61.07,0.92,148.66,,0.0,0.0,976.96,
2024-03-16,19.48,107.6,5.14,11.26,10.17,0.82,16.4,0.71,6.71,,,,,,,27.52,77.1,0.7,175.38,,0.0,0.0,977.84,
2024-03-17,,,,,,,,,,,,,,,,,,,,,0.0,,,
2024-03-18,21.89,162.51,9.15,24.91,20.68,1.46,15.59,1.14,6.79,,,,,,,33.03,38.23,1.18,103.68,,0.0,0.0,976.73,
2024-03-19,24.25,120.58,5.86,16.83,13.71,0.4,16.01,0.89,6.73,,,,,,,28.9,55.18,0.92,135.58,,0.0,0.0,977.76,
2024-03-20,,,,,,,,,,,,,,,,,,,,,0.0,,,
2024-03-21,,,,,,,,,,,,,,,,,,,,,0.0,,,
2024-03-22,,,,,,,,,,,,,,,,,,,,,0.0,,,
2024-03-23,,,,,,,,,,,,,,,,,,,,,0.0,,,
2024-03-24,,,,,,,,,,,,,,,,,,,,,0.0,,,
2024-03-25,,,,,,,,,,,,,,,,,,,,,0.0,,,
2024-03-26,,,,,,,,,,,,,,,,,,,,,0.0,,,
2024-03-27,,,,,,,,,,,,,,,,,,,,,0.0,,,
2024-03-28,,,,,,,,,,,,,,,,,,,,,0.0,,,
2024-03-29,,,,,,,,,,,,,,,,,,,,,0.0,,,
2024-03-30,,,,,,,,,,,,,,,,,,,,,0.0,,,
2024-03-31,,,,,,,,,,,,,,,,,,,,,0.0,,,
2024-04-01,,,,,,,,,,,,,,,,,,,,,0.0,,,
2024-04-02,,,,,,,,,,,,,,,,,,,,,0.0,,,
2024-04-03,17.69,123.76,15.6,23.84,25.36,1.58,19.02,1.32,6.84,,,,,,,35.41,44.19,1.0,132.7,,0.0,0.0,973.6,
2024-04-04,21.5,115.92,20.14,14.29,23.98,0.63,18.33,0.97,6.77,,,,,,,32.54,60.78,0.89,167.43,,0.0,0.0,975.49,
2024-04-05,16.42,121.9,8.45,21.02,18.06,1.15,18.23,0.99,6.77,,,,,,,38.62,29.67,1.17,123.63,,0.0,0.0,972.89,
2024-04-06,22.87,156.17,12.5,24.09,22.97,1.27,18.29,1.11,6.69,,,,,,,35.87,39.74,1.04,111.4,,0.0,0.0,973.42,
2024-04-07,13.56,75.11,4.84,10.61,9.58,0.08,17.88,0.52,6.72,,,,,,,33.86,49.45,0.91,166.81,,0.0,0.0,973.36,
2024-04-08,41.86,119.32,12.32,20.7,19.9,0.47,17.92,0.98,6.66,,,,,,,36.23,37.8,1.19,110.29,,0.0,0.0,974.16,
2024-04-09,14.81,95.96,9.17,13.28,14.51,0.3,17.99,0.6,6.75,,,,,,,31.95,57.1,1.27,108.31,,0.0,0.0,975.95,
2024-04-10,24.7,140.72,10.88,13.96,16.27,0.67,18.08,0.77,6.74,,,,,,,31.54,56.32,1.36,106.62,,0.0,0.0,976.1,
2024-04-11,15.69,108.0,8.47,13.95,14.3,0.34,17.65,0.72,6.74,,,,,,,35.01,42.32,1.38,87.61,,0.0,0.0,975.73,
2024-04-12,14.56,148.9,11.02,11.68,15.17,0.28,19.77,0.66,6.76,,,,,,,33.42,54.11,1.78,109.19,,0.0,0.0,975.09,
2024-04-13,9.07,79.92,7.94,10.14,11.85,0.58,18.42,0.51,6.73,,,,,,,31.56,60.9,1.31,94.36,,0.0,0.0,976.1,
2024-04-14,21.29,124.47,5.99,13.93,12.28,0.37,18.32,0.77,6.8,,,,,,,34.1,42.9,1.5,107.48,,0.0,0.0,975.65,
2024-04-15,13.3,98.98,8.38,11.49,12.93,0.32,18.23,0.62,6.83,0.0,,,,,,31.12,59.93,1.35,103.08,,0.0,0.0,977.44,
2024-04-16,12.32,97.2,11.06,13.39,16.1,1.02,18.66,0.73,6.66,,,,,,,32.04,58.16,1.08,96.18,,0.0,0.0,976.28,
2024-04-17,17.43,141.17,7.53,17.15,15.24,0.8,17.98,0.78,6.79,,,,,,,35.63,48.67,1.01,161.71,,0.0,0.0,973.96,
2024-04-18,11.98,56.91,9.57,8.3,12.2,0.59,18.88,0.5,6.68,,,,,,,31.25,68.28,0.83,186.06,,0.0,0.0,975.25,
2024-04-19,,,,,,,,,,,,,,,,,,,,,0.0,,,
2024-04-20,16.87,83.12,8.02,12.61,13.22,0.3,18.69,0.71,6.71,,,,,,,34.49,53.13,1.06,195.02,,0.0,0.0,971.68,
2024-04-21,13.39,64.2,5.63,11.47,10.67,0.22,18.65,0.68,6.66,,,,,,,36.42,41.81,1.09,133.21,,0.0,0.0,972.72,
2024-04-22,11.26,61.97,6.65,11.15,11.33,0.91,18.56,0.65,6.69,,,,,,,33.41,55.46,0.88,173.27,,0.0,0.0,974.12,
2024-04-23,14.21,76.66,7.26,14.49,13.61,0.76,18.39,0.75,6.75,,,,,,,33.82,52.82,0.84,155.73,,0.0,0.0,972.77,
2024-04-24,15.6,82.72,6.91,12.13,12.08,0.36,18.64,0.69,6.72,,,,,,,32.55,58.06,0.88,133.26,,0.0,0.0,973.48,
2024-04-25,16.3,91.77,8.77,14.51,14.85,0.68,18.58,0.68,6.75,,,,,,,32.32,60.68,0.89,171.33,,0.0,0.0,972.82,
2024-04-26,21.98,122.28,10.85,22.42,20.74,1.03,18.7,0.94,6.8,,,,,,,34.97,47.39,0.97,130.81,,0.0,0.0,973.72,
2024-04-27,13.29,64.96,6.95,7.24,9.5,0.02,18.68,0.45,6.72,,,,,,,28.68,80.22,0.52,174.98,,0.0,0.0,973.55,
2024-04-28,,,,,,,,,,,,,,,,,,,,,0.0,,,
2024-04-29,14.59,79.86,13.2,25.86,24.48,0.69,19.01,1.14,6.69,,,,,,,36.7,35.2,0.99,118.29,,0.0,0.0,973.58,
2024-04-30,12.24,60.63,6.72,7.33,9.36,0.25,18.62,0.63,6.7,,,,,,,29.49,75.0,0.61,147.54,,0.0,0.0,974.95,
2024-05-01,12.39,76.97,6.27,8.71,9.73,0.12,19.04,0.63,6.7,,,,,,,36.13,51.13,1.18,206.45,,0.0,0.0,970.54,
2024-05-02,11.22,58.59,8.7,4.42,9.42,0.24,19.08,0.46,6.72,,,,,,,29.52,77.97,0.94,228.06,,0.0,0.0,972.71,
2024-05-03,13.89,80.83,8.23,11.8,12.97,0.42,18.84,0.65,6.67,,,,,,,33.92,59.63,1.27,218.63,,0.0,0.0,972.79,
2024-05-04,12.64,67.24,6.45,10.17,10.65,0.49,18.97,0.63,6.71,,,,,,,32.44,61.81,0.96,206.21,,0.0,0.0,973.63,
2024-05-05,9.07,47.7,3.22,4.51,5.01,,18.62,0.44,6.57,,,,,,,29.48,69.04,1.0,234.27,,0.0,0.0,972.79,
2024-05-06,10.15,76.69,5.81,13.31,11.77,0.3,19.01,0.73,6.78,0.03,,,,0.07,0.05,36.57,41.48,1.36,210.58,,0.0,0.0,972.45,
2024-05-07,12.34,68.26,4.99,13.76,11.37,0.61,19.4,0.75,6.68,,,,,,,36.05,46.27,1.07,188.18,,0.0,0.0,973.36,
2024-05-08,18.39,76.95,3.93,13.69,10.48,0.4,19.17,0.84,6.69,,,,,,,34.43,52.54,1.06,148.92,,0.0,0.0,973.12,
2024-05-09,15.03,71.43,4.73,12.89,10.7,0.38,19.26,0.81,6.72,,,,,,,32.09,60.29,0.91,166.25,,0.0,0.0,973.44,
2024-05-10,11.84,49.61,4.64,12.29,10.31,0.57,19.27,0.71,6.74,,,,,,,30.85,65.39,0.97,170.88,,0.0,0.0,974.9,
2024-05-11,9.0,47.02,4.16,11.7,9.61,0.33,19.09,0.66,6.68,,,,,,,31.3,64.26,0.91,123.72,,0.0,0.0,975.49,
2024-05-12,10.62,48.28,3.98,10.68,8.91,0.44,19.1,0.68,6.69,,,,,,,31.25,65.7,0.85,174.25,,0.0,0.0,975.3,
2024-05-13,9.54,49.81,5.57,12.74,11.31,0.28,19.19,0.77,6.71,,,,,,,29.13,71.88,0.76,151.59,,0.0,0.0,974.85,
2024-05-14,11.07,54.97,4.42,12.78,10.4,0.1,19.01,0.7,6.73,,,,,,,29.4,73.68,0.88,147.32,,0.0,0.0,974.87,
2024-05-15,13.4,58.75,5.54,14.23,12.07,1.19,19.04,0.81,6.65,,,,,,,30.65,68.22,0.83,155.54,,0.0,0.0,974.94,
2024-05-16,16.08,73.03,6.11,23.21,17.32,0.67,19.33,0.95,6.72,,,,,,,32.25,59.95,1.03,140.68,,0.0,0.0,974.32,
2024-05-17,21.48,81.77,3.16,11.73,8.8,0.15,18.88,0.88,6.69,,,,,,,27.58,79.09,0.69,221.49,,0.0,0.0,974.03,
2024-05-18,,,,,,,,,,,,,,,,,,,,,0.0,,,
2024-05-19,,,,,,,,,,,,,,,,,,,,,0.0,,,
2024-05-20,,,,,,,,,,,,,,,,,,,,,0.0,,,
2024-05-21,6.26,34.74,6.46,11.14,11.18,0.02,12.53,0.91,6.66,,,,,,,26.44,88.58,0.62,143.08,,0.0,0.0,970.43,
2024-05-22,7.97,43.84,5.93,11.79,11.09,0.41,12.97,0.75,6.71,,,,,,,26.75,85.97,1.27,212.43,,0.0,0.0,969.73,
2024-05-23,9.48,42.43,5.83,8.94,9.5,1.15,13.58,0.69,6.73,,,,,,,26.97,89.17,0.7,179.64,,0.0,0.0,969.27,
2024-05-24,6.18,47.59,6.72,10.36,10.97,0.04,13.78,0.58,6.67,,,,,,,26.48,89.52,0.8,238.94,,0.0,0.0,968.78,
2024-05-25,7.46,54.97,4.64,9.87,9.02,,13.55,0.45,6.71,,,,,,,27.29,80.44,1.14,246.55,,0.0,0.0,970.23,
2024-05-26,5.81,45.09,3.87,5.68,6.17,,13.5,0.4,6.66,,,,,,,28.32,79.34,1.14,239.77,,0.0,0.0,971.37,
2024-05-27,8.27,55.83,4.81,6.51,7.37,,13.54,0.45,6.73,,,,,,,28.77,76.97,1.37,238.54,,0.0,0.0,971.38,
2024-05-28,6.73,55.01,5.46,6.83,8.06,,14.24,0.49,6.66,,,,,,,28.27,78.44,1.13,235.51,,0.0,0.0,971.95,
2024-05-29,3.98,42.71,4.76,7.05,7.61,,14.06,0.51,6.79,,,,,,,28.59,78.12,1.15,223.98,,0.0,0.0,971.54,
2024-05-30,3.22,30.88,3.81,5.87,6.21,0.01,13.67,0.41,6.73,,,,,,,27.75,82.14,1.0,234.99,,0.0,0.0,971.95,
2024-05-31,6.55,56.52,4.67,7.7,7.89,1.84,13.62,0.45,6.72,,,,,,,30.32,74.59,0.97,212.35,,0.0,0.0,971.85,
2024-06-01,6.36,51.35,4.72,7.78,7.97,0.01,13.65,0.45,6.71,,,,,,,30.11,75.62,1.01,214.49,,0.0,0.0,972.27,
2024-06-02,5.79,41.86,3.55,6.7,6.45,0.03,13.65,0.52,6.74,,,,,,,29.52,76.7,0.85,207.0,,0.0,0.0,973.0,
2024-06-03,6.32,42.96,4.53,9.29,8.34,0.19,14.33,0.56,6.69,,,,,,,27.72,80.31,0.7,198.45,,0.0,0.0,973.63,
2024-06-04,6.53,46.19,4.31,7.62,7.56,0.04,13.5,0.49,6.67,,,,,,,29.94,73.48,0.8,195.96,,0.0,0.0,974.34,
2024-06-05,4.05,42.62,5.0,6.42,7.48,0.19,12.65,0.47,6.78,,,,,,,30.1,72.16,0.99,198.01,,0.0,0.0,975.29,
2024-06-06,4.69,41.66,5.25,6.83,7.9,0.9,13.9,0.64,6.69,,,,,,,28.51,79.3,0.68,210.02,,0.0,0.0,975.16,
2024-06-07,1.8,24.24,4.53,6.86,7.32,0.03,14.06,0.47,6.72,,,,,,,27.65,80.48,0.97,206.02,,0.0,0.0,973.6,
2024-06-08,1.79,27.63,4.41,5.56,6.55,,14.11,0.42,6.7,,,,,,,28.56,74.94,1.38,229.32,,0.0,0.0,973.78,
2024-06-09,2.84,18.88,4.17,5.13,6.12,,14.51,0.41,6.68,,,,,,,26.88,80.37,1.11,237.75,,0.0,0.0,973.61,
2024-06-10,20.56,49.1,6.42,7.54,9.23,,15.2,0.44,6.74,,,,,,,26.81,79.09,0.86,241.44,,0.0,0.0,976.03,
2024-06-11,2.11,27.1,4.63,5.41,6.65,0.03,14.24,0.41,6.68,,,,,,,27.53,78.25,1.29,235.85,,0.0,0.0,974.42,
2024-06-12,3.13,23.59,5.34,5.18,7.09,,14.05,0.47,6.75,,,,,,,26.34,84.56,0.93,240.42,,0.0,0.0,975.76,
2024-06-13,3.9,37.41,5.39,6.63,7.91,0.42,13.59,0.64,6.67,,,,,,,28.59,74.56,1.0,220.12,,0.0,0.0,975.43,
2024-06-14,6.74,44.64,5.98,8.81,9.55,0.01,13.95,0.56,6.77,,,,,,,30.3,68.87,1.17,213.25,,0.0,0.0,973.29,
2024-06-15,5.09,32.43,4.42,5.34,6.43,,13.92,0.44,6.72,,,,,,,29.05,72.2,1.07,218.45,,0.0,0.0,973.54,
2024-06-16,2.96,24.42,3.9,5.09,5.88,,13.66,0.45,6.73,,,,,,,28.04,74.2,1.01,235.39,,0.0,0.0,974.11,
2024-06-17,4.43,35.74,5.28,6.86,7.94,1.24,14.16,0.48,6.68,,,,,,,30.08,68.85,1.04,208.33,,0.0,0.0,973.6,
2024-06-18,3.57,34.47,4.98,6.29,7.4,,14.18,0.51,6.79,,,,,,,29.49,72.39,1.03,209.68,,0.0,0.0,973.67,
2024-06-19,4.01,25.94,4.99,6.13,7.32,1.18,14.11,0.51,6.74,,,,,,,28.79,73.4,1.08,219.97,,0.0,0.0,972.68,
2024-06-20,3.36,26.34,5.0,6.64,7.6,0.03,14.16,0.54,6.8,,,,,,,28.92,71.1,1.04,222.73,,0.0,0.0,973.04,
2024-06-21,4.36,38.21,4.7,6.86,7.47,0.11,13.99,0.51,6.68,,,,,,,27.49,75.62,1.24,232.31,,0.0,0.0,972.75,
2024-06-22,2.47,5.8,3.74,5.18,5.79,,14.05,0.47,6.59,,,,,,,26.04,82.08,1.16,242.22,,0.0,0.0,971.76,
2024-06-23,1.97,,3.56,5.07,5.6,,14.14,0.44,6.7,,,,,,,27.7,75.15,1.25,237.26,,0.0,0.0,971.18,
2024-06-24,3.51,58.06,5.33,7.84,8.5,,14.04,0.58,6.73,0.0,,,,,,28.91,71.79,1.45,226.24,,0.0,0.0,970.54,
2024-06-25,2.56,40.3,4.62,5.16,6.5,,14.06,0.51,6.66,,,,,,,27.65,77.04,1.31,229.05,,0.0,0.0,970.62,
2024-06-26,2.45,27.74,4.57,4.58,6.15,,14.18,0.47,6.66,,,,,,,26.48,81.33,1.58,240.53,,0.0,0.0,971.16,
2024-06-27,3.2,49.57,5.93,6.63,8.35,0.88,14.08,0.49,6.7,0.0,,,,,,27.85,75.52,1.2,230.58,,0.0,0.0,972.68,
2024-06-28,2.26,44.47,5.24,5.5,7.18,0.01,14.1,0.45,6.71,0.0,,,,,,27.32,78.31,1.02,228.33,,0.0,0.0,973.35,
2024-06-29,2.07,34.59,4.01,4.07,5.42,,13.97,0.41,6.72,,,,,,,25.94,86.22,0.79,224.68,,0.0,0.0,973.82,
2024-06-30,1.91,32.72,4.08,4.43,5.68,,13.72,0.51,6.77,,,,,,,27.88,79.14,1.11,228.42,,0.0,0.0,974.07,
2024-07-01,13.93,46.42,5.86,5.85,7.87,,14.4,0.59,6.77,,,,,,,26.61,81.28,0.94,230.73,,0.0,0.0,974.61,
2024-07-02,3.24,47.94,5.66,5.87,7.72,0.01,14.15,0.53,6.69,,,,,,,28.58,75.66,1.07,211.69,,0.0,0.0,973.16,
2024-07-03,23.16,71.82,8.49,8.0,11.16,,12.71,0.63,6.78,,,,,,,27.84,74.84,0.88,225.77,,0.0,0.0,974.82,
2024-07-04,4.57,56.13,6.11,7.29,8.85,0.93,14.11,0.66,6.77,,,,,,,28.43,74.58,1.01,209.34,,0.0,0.0,974.12,
2024-07-05,4.69,97.24,6.12,7.5,8.96,,14.63,0.58,6.77,,,,,,,29.8,66.48,1.33,227.13,,0.0,0.0,972.17,
2024-07-06,1.62,27.8,3.48,4.41,5.17,,14.35,0.46,6.79,,,,,,,25.55,77.52,1.04,244.18,,0.0,0.0,972.95,
2024-07-07,2.81,36.7,4.41,5.53,6.53,,14.66,0.53,6.77,,,,,,,27.55,75.08,1.01,225.34,,0.0,0.0,972.65,
2024-07-08,2.43,31.81,4.54,5.1,6.41,,14.64,0.5,6.7,,,,,,,26.42,79.94,0.96,230.79,,0.0,0.0,972.77,
2024-07-09,14.91,78.01,5.34,8.19,8.7,0.04,14.45,0.57,6.81,,,,,,,29.38,68.83,1.19,223.92,,0.0,0.0,973.25,
2024-07-10,2.14,19.17,2.18,2.77,3.24,,14.41,0.39,6.73,,,,,,,25.28,83.24,0.79,243.84,,0.0,0.0,975.01,
2024-07-11,,,,,,,,,,,,,,,,,,,,,0.0,,,
2024-07-12,,,,,,,,,,,,,,,,,,,,,0.0,,,
2024-07-13,4.72,48.19,6.36,6.5,8.63,,14.61,0.56,6.67,,,,,,,27.7,76.24,1.28,238.01,,0.0,0.0,972.99,
2024-07-14,2.57,28.9,4.58,4.21,5.97,,14.53,0.51,6.74,,,,,,,26.86,78.85,1.12,232.16,,0.0,0.0,971.74,
2024-07-15,14.09,38.41,6.33,5.14,7.88,,14.81,0.59,6.76,,,,,,,25.92,83.37,1.25,242.61,,0.0,0.0,971.3,
2024-07-16,7.91,36.94,5.04,4.72,6.61,,14.65,0.6,6.74,,,,,,,25.91,81.47,1.28,242.45,,0.0,0.0,971.78,
2024-07-17,2.52,35.89,4.77,4.6,6.33,3.59,14.73,0.45,6.68,,,,,,,26.54,81.64,1.11,238.27,,0.0,0.0,972.87,
2024-07-18,1.81,25.15,4.48,4.32,5.95,1.95,14.78,0.41,6.66,,,,,,,25.47,84.22,1.3,246.51,,0.0,0.0,973.13,
2024-07-19,3.94,67.25,6.47,6.3,8.61,,14.64,0.52,6.72,,,,,,,28.82,70.38,1.4,230.23,,0.0,0.0,972.8,
2024-07-20,,,,,,,,,,,,,,,,,,,,,0.0,,,
2024-07-21,,,,,,,,,,,,,,,,,,,,,0.0,,,
2024-07-22,22.82,66.93,22.98,9.54,23.75,0.71,19.57,0.88,6.6,,,,,,,26.74,72.35,1.43,229.82,,0.0,0.0,973.82,
2024-07-23,17.7,40.93,6.33,7.48,9.13,0.11,15.62,0.66,6.68,,,,,,,33.42,54.69,1.85,226.56,,0.0,0.0,973.37,
2024-07-24,3.32,63.47,6.91,7.23,9.47,,17.37,0.68,6.69,,,,,,,29.13,70.36,1.37,227.59,,0.0,0.0,972.55,
2024-07-25,2.65,28.78,6.61,5.92,8.52,0.05,18.86,0.43,6.67,,,,,,,26.09,83.53,1.14,235.69,,0.0,0.0,972.32,
2024-07-26,3.28,38.95,5.63,5.88,7.71,2.0,19.45,0.37,6.68,,,,,,,27.35,78.65,1.1,236.73,,0.0,0.0,972.43,
2024-07-27,4.18,44.55,5.86,6.95,8.46,0.5,19.33,0.43,6.71,,,,,,,28.76,71.85,0.91,209.51,,0.0,0.0,972.91,
2024-07-28,2.11,36.29,4.34,4.88,6.12,0.06,19.24,0.39,6.74,,,,,,,28.57,67.11,1.2,224.58,,0.0,0.0,971.49,
2024-07-29,2.82,40.08,5.27,4.4,6.61,1.61,19.78,0.37,6.71,,,,,,,26.96,79.48,1.34,240.15,,0.0,0.0,970.83,
2024-07-30,2.77,28.9,4.94,5.09,6.72,0.29,19.4,0.4,6.74,,,,,,,25.47,85.08,0.92,241.82,,0.0,0.0,974.0,
2024-07-31,16.02,42.01,5.38,6.13,7.6,0.9,19.01,0.54,6.75,,,,,,,25.99,81.74,0.99,233.06,,0.0,0.0,975.0,
2024-08-01,4.95,44.64,6.02,6.52,8.36,0.23,19.4,0.61,6.66,,,,,,,27.97,75.62,1.15,224.37,,0.0,0.0,974.55,
2024-08-02,4.57,54.35,7.06,7.21,9.57,1.63,19.37,0.6,6.75,,,,,,,29.23,68.85,1.26,227.03,,0.0,0.0,974.38,
2024-08-03,3.2,34.25,5.18,6.07,7.45,0.08,19.34,0.56,6.69,,,,,,,27.88,73.42,0.96,217.63,,0.0,0.0,975.38,
2024-08-04,2.48,29.42,4.82,5.23,6.7,1.25,19.44,0.57,6.74,,,,,,,28.35,73.96,0.96,211.93,,0.0,0.0,975.39,
2024-08-05,2.73,35.62,6.29,6.11,8.36,0.54,19.33,0.6,6.7,,,,,,,28.36,73.46,0.84,199.34,,0.0,0.0,975.23,
2024-08-06,,,,,,,,,,,,,,,,,,,,,0.0,,,
2024-08-07,,,,,,,,,,,,,,,,,,,,,0.0,,,
2024-08-08,5.82,61.41,7.08,10.32,11.24,0.08,20.28,0.89,6.65,0.0,,,,,,32.38,58.71,1.13,179.04,,0.0,0.0,974.14,
2024-08-09,7.17,68.38,6.29,7.96,9.35,2.94,19.9,0.65,6.71,,,,,,,30.18,66.72,1.22,204.6,,0.0,0.0,974.81,
2024-08-10,4.36,43.92,5.84,6.81,8.37,0.7,21.52,0.61,6.69,,,,,,,29.12,73.48,0.97,208.85,,0.0,0.0,975.02,
2024-08-11,2.53,22.99,3.48,3.36,4.61,,21.37,0.49,6.62,,,,,,,25.65,87.34,0.84,244.06,,0.0,0.0,974.11,
2024-08-12,7.45,56.24,4.68,11.57,9.96,0.24,22.47,0.73,6.62,,,,,,,32.28,61.37,1.08,134.7,,0.0,0.0,971.17,
2024-08-13,12.36,64.01,6.09,11.0,10.8,0.86,22.55,0.81,6.66,,,,,,,29.6,75.42,0.9,134.92,,0.0,0.0,972.42,
2024-08-14,10.98,59.71,5.69,10.48,10.2,5.64,22.42,0.78,6.63,,,,,,,29.33,76.03,0.88,162.39,,0.0,0.0,971.9,
2024-08-15,6.81,44.1,6.47,9.51,10.32,4.05,22.62,0.78,6.65,,,,,,,27.98,83.77,0.82,191.17,,0.0,0.0,971.32,
2024-08-16,4.81,41.54,7.67,9.39,11.23,0.53,22.38,0.76,6.66,,,,,,,25.56,89.61,0.53,236.89,,0.0,0.0,970.93,
2024-08-17,,,,,,,,,,,,,,,,,,,,,0.0,,,
2024-08-18,,,,,,,,,,,,,,,,,,,,,0.0,,,
2024-08-19,4.28,55.6,7.37,11.53,12.12,,23.25,0.77,6.75,,,,,,,34.05,57.01,1.09,165.0,,0.0,0.0,970.66,
2024-08-20,12.07,62.46,13.93,12.54,17.99,1.06,22.52,1.34,6.67,,,,,,,26.39,91.01,5.12,155.08,,0.0,0.0,972.11,
2024-08-21,8.69,55.32,7.51,8.26,10.5,0.35,22.28,0.74,6.69,,,,,,,26.81,80.02,1.21,210.8,,0.0,0.0,974.17,
2024-08-22,1.09,16.6,2.89,3.35,4.13,0.01,21.78,0.44,6.74,,,,,,,25.32,80.48,1.22,247.79,,0.0,0.0,975.06,
2024-08-23,4.28,58.01,6.34,9.33,10.11,0.39,22.3,0.69,6.8,,,,,,,30.05,63.69,1.16,215.51,,0.0,0.0,975.18,
2024-08-24,2.31,43.39,4.73,4.77,6.38,,22.19,0.56,6.77,,,,,,,28.14,72.25,1.42,235.55,,0.0,0.0,976.42,
2024-08-25,2.16,25.35,3.61,3.42,4.75,,22.19,0.51,6.6,,,,,,,26.08,82.56,1.11,245.03,,0.0,0.0,976.78,
2024-08-26,2.6,54.14,6.81,6.98,9.25,,22.74,0.66,6.73,,,,,,,,,,,,0.0,,,
2024-08-27,2.96,53.29,6.72,6.53,8.94,,22.49,0.92,6.75,,,,,,,29.65,68.82,1.31,219.87,,0.0,0.0,975.74,
2024-08-28,3.28,42.29,6.16,6.18,8.3,0.14,22.49,0.79,6.72,,,,,,,27.5,76.73,0.96,223.79,,0.0,0.0,976.21,
2024-08-29,3.34,49.21,6.19,5.82,8.13,0.04,22.49,0.61,6.79,,,,,,,25.31,85.2,0.81,236.49,,0.0,0.0,975.16,
2024-08-30,2.33,39.64,6.28,6.09,8.35,0.81,22.22,0.64,6.66,,,,,,,29.15,71.94,1.37,219.97,,0.0,0.0,973.27,
2024-08-31,4.16,47.71,7.59,8.1,10.48,0.69,22.78,0.69,6.73,,,,,,,29.09,72.34,1.2,218.28,,0.0,0.0,973.67,
2024-09-01,1.87,23.11,4.65,4.83,6.35,,22.66,0.59,6.73,,,,,,,27.84,76.19,1.14,221.15,,0.0,0.0,973.22,
2024-09-02,1.86,42.36,5.32,5.34,7.16,,22.95,0.59,6.71,0.0,,,,,,28.19,75.91,1.09,216.64,,0.0,0.0,973.47,
2024-09-03,4.87,60.56,6.93,6.71,9.2,0.2,23.63,0.66,6.78,0.0,,,,,,29.62,68.45,1.38,217.85,,0.0,0.0,974.93,
2024-09-04,3.65,24.16,3.96,3.53,5.1,,22.72,0.51,6.74,0.0,,,,,,25.5,85.4,0.76,239.12,,0.0,0.0,975.68,
2024-09-05,4.75,61.82,6.95,7.77,9.78,,23.27,0.69,6.61,0.0,,,,,,,,,,,0.0,,,
2024-09-06,7.59,48.34,6.31,6.97,8.83,1.6,23.57,0.64,6.71,0.0,,,,,,29.44,70.43,1.1,202.2,,0.0,0.0,974.15,
2024-09-07,4.08,45.77,5.19,5.62,7.21,0.09,23.57,0.59,6.67,0.0,,,,,,28.29,73.99,1.11,218.86,,0.0,0.0,974.92,
2024-09-08,3.12,36.8,5.22,4.44,6.6,,23.54,0.6,6.7,0.0,,,,,,27.45,77.17,1.16,230.5,,0.0,0.0,975.36,
2024-09-09,3.11,45.29,5.91,5.13,7.53,1.02,23.63,0.62,6.79,0.0,,,,,,28.0,74.95,1.16,230.05,,0.0,0.0,973.57,
2024-09-10,4.5,64.09,5.09,4.85,6.72,1.09,23.67,0.55,6.75,0.0,,,,,,28.09,74.51,1.28,226.76,,0.0,0.0,973.12,
2024-09-11,4.34,42.5,5.73,5.54,7.61,,23.55,0.53,6.72,0.0,,,,,,27.87,75.49,1.11,228.94,,0.0,0.0,974.58,
2024-09-12,3.94,47.23,5.47,6.4,7.85,0.94,23.66,0.59,6.7,0.0,,,,,,30.89,63.52,1.22,205.52,,0.0,0.0,974.93,
2024-09-13,6.65,70.73,6.57,8.75,10.0,1.37,23.96,0.66,6.76,0.0,,,,,,30.0,66.84,1.09,198.89,,0.0,0.0,974.53,
2024-09-14,3.34,47.63,6.97,8.98,10.44,1.31,23.89,0.71,6.67,0.0,,,,,,29.2,67.81,1.08,209.88,,0.0,0.0,974.26,
2024-09-15,1.85,34.05,5.03,6.06,7.31,1.09,23.75,0.63,6.78,0.0,,,,,,28.75,71.13,1.0,204.79,,0.0,0.0,974.7,
2024-09-16,4.23,46.98,5.84,6.79,8.36,0.66,23.79,0.66,6.63,0.0,,,,,,28.82,71.18,1.05,209.57,,0.0,0.0,974.88,
2024-09-17,4.28,44.47,5.44,5.91,7.57,0.03,23.74,0.62,6.65,0.0,,,,,,28.36,73.19,0.88,204.45,,0.0,0.0,975.53,
2024-09-18,7.03,88.7,7.5,10.48,11.56,0.25,25.56,0.73,6.62,0.0,,,,,,31.27,58.28,1.29,182.12,,0.0,0.0,972.63,
2024-09-19,3.39,32.12,2.46,3.57,3.9,0.08,23.41,0.57,6.62,0.0,,,,,,24.63,84.94,0.82,246.21,,0.0,0.0,973.66,
2024-09-20,5.2,75.56,5.64,9.45,9.61,0.11,22.32,0.94,6.83,0.0,,,,,,29.21,67.35,1.39,219.93,,0.0,0.0,972.88,
2024-09-21,4.11,52.95,5.33,7.58,8.37,0.17,24.24,0.94,6.76,0.0,,,,,,28.67,70.33,1.13,211.35,,0.0,0.0,973.59,
2024-09-22,3.75,44.15,4.67,5.8,6.89,0.08,24.76,0.75,6.66,0.0,,,,,,28.53,69.81,1.09,209.01,,0.0,0.0,972.97,
2024-09-23,2.56,53.0,5.06,6.31,7.47,0.03,24.51,0.68,6.73,0.0,,,,,,28.71,71.81,1.19,213.92,,0.0,0.0,972.53,
2024-09-24,2.21,45.98,5.03,6.09,7.33,0.05,24.39,0.68,6.72,0.0,,,,,,27.83,72.42,1.29,224.79,,0.0,0.0,972.16,
2024-09-25,2.72,48.33,5.31,6.71,7.89,0.67,24.43,0.6,6.67,0.0,,,,,,28.83,69.6,1.26,220.71,,0.0,0.0,972.23,
2024-09-26,3.03,42.43,8.14,6.58,10.11,0.51,26.86,0.68,6.64,0.0,,,,,,27.85,75.01,1.04,217.36,,0.0,0.0,973.03,
2024-09-27,3.76,50.09,6.36,8.04,9.44,0.34,24.99,0.82,6.78,0.0,,,,,,29.16,70.13,0.92,197.21,,0.0,0.0,974.55,
2024-09-28,8.91,58.96,5.94,11.36,10.87,0.3,24.97,0.8,6.79,0.0,,,,,,29.72,70.72,0.95,175.8,,0.0,0.0,975.18,
2024-09-29,4.66,41.57,5.9,9.72,9.96,0.19,26.13,0.77,6.71,0.0,,,,,,28.45,78.6,1.83,120.22,,0.0,0.0,976.03,
2024-09-30,4.3,50.66,8.99,10.91,13.11,0.27,26.73,0.8,6.76,0.0,,,,,,29.81,69.69,0.99,107.0,,0.0,0.0,976.19,
2024-10-01,7.09,56.59,5.87,11.88,11.09,0.33,24.74,0.86,6.7,0.0,,,,,,28.84,73.02,1.13,142.69,,0.0,0.0,974.81,
2024-10-02,10.84,64.95,7.33,11.59,12.12,0.22,25.04,0.9,6.66,0.0,,,,,,28.19,82.44,1.21,175.33,,0.0,0.0,975.38,
2024-10-03,5.04,43.3,5.54,9.15,9.37,0.28,24.57,0.61,6.74,0.0,,,,,,29.9,69.82,0.84,179.46,,0.0,0.0,975.38,
2024-10-04,3.97,39.49,5.28,8.99,9.08,0.09,25.23,0.65,6.63,0.0,,,,,,29.71,69.01,0.77,198.66,,0.0,0.0,975.1,
2024-10-05,6.52,66.8,6.35,11.41,11.23,0.19,24.77,0.81,6.71,0.0,,,,,,27.08,84.57,1.51,159.02,,0.0,0.0,975.84,
2024-10-06,10.64,55.91,5.58,11.33,10.56,0.36,24.61,0.93,6.73,0.0,,,,,,26.17,88.09,0.68,171.54,,0.0,0.0,975.73,
2024-10-07,9.24,51.74,4.28,10.86,9.25,0.31,24.12,0.86,6.69,0.0,,,,,,27.68,77.83,0.7,188.2,,0.0,0.0,976.32,
2024-10-08,11.98,63.69,9.14,11.83,13.58,1.0,24.97,0.97,6.73,0.0,,,,,,26.98,81.19,0.74,167.17,,0.0,0.0,976.99,
2024-10-09,6.45,50.45,6.12,8.61,9.55,0.18,22.86,0.86,6.72,0.0,,,,,,23.87,93.93,0.5,211.57,,0.0,0.0,976.2,
2024-10-10,4.65,49.18,7.99,10.31,11.98,0.29,24.39,1.1,6.72,0.0,,,,,,27.47,77.85,0.85,205.5,,0.0,0.0,974.14,
2024-10-11,14.19,70.47,7.57,11.62,12.33,0.39,24.97,1.2,6.73,0.0,,,,,,27.39,79.51,0.71,163.58,,0.0,0.0,973.95,
2024-10-12,4.02,35.92,5.86,8.32,9.19,0.09,24.98,0.87,6.7,0.0,,,,,,26.28,87.09,0.61,207.41,,0.0,0.0,974.86,
2024-10-13,2.93,29.68,4.5,7.53,7.67,1.88,24.76,0.68,6.64,0.0,,,,,,25.97,87.05,0.59,200.65,,0.0,0.0,975.41,
2024-10-14,5.54,38.45,6.18,9.61,10.13,0.47,24.77,0.77,6.78,0.0,,,,,,25.12,89.08,0.63,215.92,,0.0,0.0,975.46,
2024-10-15,10.3,51.54,7.0,11.57,11.81,0.63,25.36,0.86,6.75,0.0,,,,,,24.51,92.86,1.6,213.6,,0.0,0.0,975.22,
2024-10-16,2.15,48.4,6.75,10.06,10.83,0.1,24.77,0.81,6.74,0.0,,,,,,24.91,90.83,1.76,193.21,,0.0,0.0,974.47,
2024-10-17,2.12,33.66,5.98,7.84,9.03,0.08,24.57,0.87,6.72,0.0,,,,,,27.05,78.94,0.95,222.73,,0.0,0.0,974.26,
2024-10-18,4.88,46.17,6.61,9.42,10.38,0.29,24.86,0.75,6.67,0.0,,,,,,27.91,75.57,0.77,215.09,,0.0,0.0,974.63,
2024-10-19,12.14,51.03,5.83,9.16,9.46,0.24,25.32,0.74,6.62,0.0,,,,,,27.53,79.31,0.6,184.92,,0.0,0.0,975.86,
2024-10-20,3.6,39.18,4.86,8.61,8.53,0.15,24.98,0.97,6.7,0.0,,,,,,27.89,79.59,1.23,180.69,,0.0,0.0,976.35,
2024-10-21,8.18,68.04,6.71,13.88,12.82,0.66,26.65,1.09,6.75,0.0,,,,,,25.77,92.05,1.2,199.46,,0.0,0.0,976.91,
2024-10-22,11.22,66.16,5.83,13.21,11.76,0.5,24.99,0.99,6.74,0.0,,,,,,27.33,81.78,1.21,146.65,,0.0,0.0,977.02,
2024-10-23,12.24,83.02,8.38,17.61,16.17,0.66,26.22,1.13,6.64,0.0,,,,,,29.37,75.45,0.96,151.48,,0.0,0.0,976.22,
2024-10-24,13.26,83.93,5.52,13.16,11.49,0.48,25.74,1.04,6.77,0.0,,,,,,27.16,79.3,0.68,198.35,,0.0,0.0,976.18,
2024-10-25,9.79,55.52,8.53,12.69,13.69,0.57,26.29,1.24,6.7,0.0,,,,,,26.96,82.43,0.62,195.5,,0.0,0.0,976.42,
2024-10-26,14.2,76.62,5.91,12.8,11.61,0.38,26.94,1.1,6.7,0.0,,,,,,27.59,76.86,0.67,209.06,,0.0,0.0,976.0,
2024-10-27,11.6,58.29,4.42,9.44,8.61,0.31,27.91,0.83,6.7,0.0,,,,,,27.94,76.3,0.67,207.82,,0.0,0.0,975.04,
2024-10-28,14.34,72.93,5.51,12.43,11.09,0.49,29.21,0.9,6.76,0.0,,,,,,28.38,75.89,0.8,200.61,,0.0,0.0,974.6,
2024-10-29,18.69,85.5,5.2,12.02,10.62,0.38,31.38,0.91,6.79,0.0,,,,,,28.51,74.62,0.71,197.03,,0.0,0.0,975.47,
2024-10-30,23.73,79.45,4.65,11.49,9.89,0.33,34.88,0.95,6.68,0.0,,,,,,29.07,74.42,0.67,184.49,,0.0,0.0,975.8,
2024-10-31,33.46,102.71,3.93,8.4,7.66,0.22,40.33,0.88,6.79,0.0,,,,,,29.39,73.68,0.78,135.77,,0.0,0.0,976.53,
2024-11-01,10.59,32.96,3.77,5.6,6.04,0.2,44.63,0.7,6.75,0.0,,,,,,25.83,90.46,1.63,182.26,,0.0,0.0,977.81,
2024-11-02,10.83,42.25,4.63,6.61,7.29,0.16,48.11,0.79,6.71,0.0,,,,,,27.03,82.19,0.72,150.81,,0.0,0.0,978.08,
2024-11-03,5.29,32.41,4.37,6.33,6.92,0.08,53.37,0.79,6.66,0.0,,,,,,27.64,77.46,0.67,141.79,,0.0,0.0,977.94,
2024-11-04,15.54,53.23,6.03,8.42,9.27,0.47,59.91,0.91,6.68,0.0,,,,,,27.79,77.54,0.7,114.74,,0.0,0.0,977.39,
2024-11-05,15.99,54.46,10.9,11.37,14.89,0.34,67.72,1.13,6.64,0.0,,,,,,26.78,81.16,0.63,150.03,,0.0,0.0,977.64,
2024-11-06,24.43,154.08,13.45,16.49,19.71,0.43,73.51,1.45,6.74,0.0,,,,,,28.41,73.73,0.59,149.75,,0.0,0.0,977.42,
2024-11-07,18.95,92.89,14.01,13.39,18.51,0.76,84.74,1.26,6.69,0.0,,,,,,26.86,81.83,0.56,159.33,,0.0,0.0,977.4,
2024-11-08,10.85,62.15,14.47,12.28,18.29,0.33,92.14,1.04,6.75,0.0,,,,,,28.35,74.15,0.67,139.48,,0.0,0.0,977.15,
2024-11-09,7.08,57.64,13.08,11.03,16.5,0.61,104.86,1.14,6.7,0.0,,,,,,28.98,68.1,1.03,112.04,,0.0,0.0,977.92,
2024-11-10,17.33,80.85,14.87,16.33,20.78,0.75,122.02,1.33,6.77,0.0,,,,,,27.99,67.18,0.69,141.08,,0.0,0.0,977.38,
2024-11-11,41.04,161.46,20.3,28.57,31.7,0.37,142.41,1.46,6.71,0.0,,,,,,30.07,59.84,0.79,131.51,,0.0,0.0,975.66,
2024-11-12,34.33,130.64,17.13,17.3,23.13,0.93,146.39,1.56,6.68,0.0,,,,,,27.87,72.55,0.61,179.81,,0.0,0.0,975.52,
2024-11-13,21.84,61.85,27.94,12.71,29.47,0.41,147.1,1.28,6.57,0.0,,,,,,24.94,88.54,0.6,176.32,,0.0,0.0,975.25,
2024-11-14,8.22,59.17,17.79,12.78,21.26,0.5,147.82,1.38,6.77,0.0,,,,,,26.71,82.85,0.62,147.48,,0.0,0.0,976.6,
2024-11-15,13.43,56.15,15.24,12.33,18.95,0.16,98.43,1.31,6.79,0.0,,,,,,26.1,85.14,0.5,138.47,,0.0,0.0,977.33,
2024-11-16,4.11,39.29,15.75,10.85,18.57,0.22,31.85,1.24,6.66,0.0,,,,,,25.02,92.03,0.47,134.82,,0.0,0.0,976.91,
2024-11-17,7.18,48.15,12.52,10.4,15.72,0.35,31.15,1.22,6.73,0.0,,,,,,26.34,85.93,0.62,122.41,,0.0,0.0,976.57,
2024-11-18,24.55,111.29,12.92,14.99,18.47,0.65,32.45,1.19,6.7,0.0,,,,,,26.82,78.28,0.7,123.5,,0.0,0.0,977.24,
2024-11-19,31.0,127.38,13.55,16.81,19.96,0.75,34.65,1.2,6.7,0.0,,,,,,26.81,77.14,0.73,110.08,,0.0,0.0,977.72,
2024-11-20,31.57,119.62,11.17,17.24,18.26,0.65,35.63,1.17,6.75,0.0,,,,,,25.63,78.63,0.61,119.82,,0.0,0.0,977.69,
2024-11-21,35.26,129.05,10.93,15.42,17.09,0.36,34.32,1.2,6.73,0.0,,,,,,24.01,85.13,0.33,211.3,,0.0,0.0,976.61,
2024-11-22,41.45,179.3,20.43,37.94,36.79,0.39,43.35,1.6,6.8,0.0,,,,,,27.04,72.76,0.75,137.11,,0.0,0.0,977.22,
2024-11-23,34.0,134.92,13.05,20.82,21.68,1.01,41.69,1.33,6.76,0.0,,,,,,27.09,72.73,0.61,122.79,,0.0,0.0,977.82,
2024-11-24,26.2,105.79,15.57,17.45,21.94,0.83,42.31,1.22,6.81,0.0,,,,,,27.13,74.71,0.69,139.85,,0.0,0.0,977.82,
2024-11-25,24.9,105.69,14.98,16.83,21.13,0.53,43.22,1.08,6.7,0.0,,,,,,26.64,76.44,0.71,126.32,,0.0,0.0,976.78,
2024-11-26,32.72,124.64,17.31,20.14,24.79,0.85,42.59,1.31,6.75,0.0,,,,,,25.66,79.27,0.59,159.5,,0.0,0.0,975.87,
2024-11-27,25.65,107.42,19.51,19.83,26.41,0.84,40.23,1.3,6.82,0.0,,,,,,24.7,82.59,0.47,170.34,,0.0,0.0,975.14,
2024-11-28,35.09,149.46,16.49,17.26,22.59,0.85,39.14,1.64,6.71,0.0,,,,,,26.75,71.71,0.7,170.85,,0.0,0.0,974.34,
2024-11-29,19.88,111.91,19.42,21.3,27.12,1.53,41.58,1.74,6.75,0.0,,,,,,23.97,87.73,0.61,209.63,,0.0,0.0,974.55,
2024-11-30,28.43,113.38,19.36,17.96,25.29,0.69,38.51,1.54,6.67,0.0,,,,,,25.31,84.87,0.57,222.88,,0.0,0.0,973.19,
2024-12-01,19.35,74.85,14.0,11.49,17.5,0.52,38.1,1.3,6.67,0.0,,,,,,24.99,91.8,0.51,223.24,,0.0,0.0,971.67,
2024-12-02,8.63,52.13,11.89,10.66,15.34,0.17,39.87,1.11,6.78,0.0,,,,,,26.2,86.84,0.82,221.25,,0.0,0.0,971.79,
2024-12-03,11.78,79.4,13.06,14.42,18.26,0.46,41.19,1.1,6.74,0.0,,,,,,25.21,86.11,0.79,195.91,,0.0,0.0,974.97,
2024-12-04,12.77,69.02,16.44,12.69,20.07,1.2,42.34,1.21,6.8,0.0,,,,,,26.35,81.29,0.9,102.6,,0.0,0.0,976.54,
2024-12-05,18.03,70.09,17.12,14.96,21.91,0.97,43.75,1.29,6.69,0.0,,,,,,27.88,73.88,0.68,111.06,,0.0,0.0,977.32,
2024-12-06,10.48,44.59,18.17,10.39,20.3,0.78,43.36,1.17,6.74,0.0,,,,,,28.04,75.78,0.85,115.46,,0.0,0.0,977.53,
2024-12-07,10.86,80.93,15.9,14.09,20.43,1.36,46.32,1.22,6.82,0.0,,,,,,26.09,82.98,0.98,106.87,,0.0,0.0,978.24,
2024-12-08,19.76,76.15,17.5,13.53,21.43,0.44,44.03,1.17,6.64,0.0,,,,,,26.96,74.63,0.69,120.16,,0.0,0.0,977.26,
2024-12-09,35.49,123.07,22.44,22.76,30.35,0.61,44.23,1.59,6.67,0.0,,,,,,26.88,74.16,0.6,156.95,,0.0,0.0,976.89,
2024-12-10,44.59,136.19,20.32,22.66,28.58,1.33,45.1,1.73,6.78,0.0,,,,,,27.54,73.02,0.62,142.54,,0.0,0.0,976.58,
2024-12-11,35.64,107.62,14.77,16.45,20.39,0.72,44.2,1.32,6.72,0.0,,,,,,26.32,74.16,0.57,118.84,,0.0,0.0,977.04,
2024-12-12,21.51,75.37,15.39,14.29,20.11,0.6,40.52,1.23,6.77,0.0,,,,,,24.18,85.56,0.46,128.07,,0.0,0.0,975.64,
2024-12-13,32.27,87.92,18.45,15.57,23.27,0.32,33.85,1.42,6.76,0.0,,,,,,23.41,98.47,0.44,138.57,,0.0,0.0,976.87,
2024-12-14,34.09,135.59,25.61,20.84,31.9,0.56,30.75,1.48,6.74,0.0,,,,,,23.7,94.68,0.5,142.07,,0.0,0.0,978.63,
2024-12-15,30.62,116.25,13.68,14.03,18.59,0.61,28.47,1.76,6.72,0.0,,,,,,23.94,80.8,0.62,107.55,,0.0,0.0,979.6,
2024-12-16,40.53,207.16,21.36,27.6,31.61,0.23,34.68,1.39,6.68,0.0,,,,,,26.7,66.09,0.59,127.5,,0.0,0.0,977.47,
2024-12-17,42.63,153.78,17.31,25.48,27.62,0.91,34.01,1.67,6.7,0.0,,,,,,25.89,72.76,0.58,157.69,,0.0,0.0,976.81,
2024-12-18,34.28,117.89,14.16,21.34,22.86,0.85,37.88,1.51,6.67,0.0,,,,,,27.58,71.92,0.66,195.51,,0.0,0.0,975.61,
2024-12-19,28.19,133.76,17.83,19.58,24.91,1.01,40.74,1.36,6.56,0.0,,,,,,28.49,71.3,0.68,176.5,,0.0,0.0,975.34,
2024-12-20,31.35,109.45,16.32,12.53,19.93,1.21,40.48,1.32,6.53,0.0,,,,,,25.43,85.23,0.56,240.22,,0.0,0.0,975.42,
2024-12-21,18.24,78.6,11.03,11.9,15.3,0.86,44.22,1.21,6.75,0.0,,,,,,,,,,,0.0,,,
2024-12-22,24.51,92.9,17.69,15.77,22.77,0.37,39.63,1.22,6.8,0.0,,,,,,,,,,,0.0,,,
2024-12-23,19.55,96.62,20.97,20.2,27.8,0.45,38.54,1.29,6.74,0.0,,,,,,29.33,61.29,0.81,146.54,,0.0,0.0,976.48,
2024-12-24,28.19,113.75,18.95,17.07,24.49,0.77,36.47,1.53,6.79,0.0,,,,,,25.18,77.15,0.51,214.7,,0.0,0.0,977.17,
2024-12-25,,,,,,,,,,,,,,,,,,,,,0.0,,,
2024-12-26,,,,,,,,,,,,,,,,,,,,,0.0,,,
2024-12-27,,,,,,,,,,,,,,,,,,,,,0.0,,,
2024-12-28,,,,,,,,,,,,,,,,,,,,,0.0,,,
2024-12-29,,,,,,,,,,,,,,,,,,,,,0.0,,,
2024-12-30,,,,,,,,,,,,,,,,,,,,,0.0,,,
2024-12-31,,,,,,,,,,,,,,,,,,,,,0.0,,,
